,model_name,note,loss,acc,prec0,prec1,rec0,rec1,f1sc0,f1sc1,sup0,sup1
0,ConvNN,0,0.6296394169330597,0.6418269276618958,0.8023606811145512,0.46794871794871795,0.6053077357425183,0.6916666666666667,0.6894423558897244,0.5572136197136197,82,40
1,ConvNN,1,0.5108064353466034,0.7629807710647583,0.8038628038628041,0.6206060606060606,0.8631072631072632,0.5958441558441558,0.822386942198263,0.5755411255411255,91,50
2,ConvNN,2,0.6008117198944092,0.7066810369491577,0.7073669467787115,0.6962121212121211,0.7910192147034252,0.5995115995115994,0.7466691203533309,0.6437828054298642,85,72
3,ConvNN,3,0.45767093896865846,0.8027777791023254,0.8197994987468672,0.7907491201608849,0.8058479532163745,0.8145054945054946,0.8046701836175518,0.7943377882257339,72,65
4,ConvNN,4,0.4906471371650696,0.85625,0.8626797385620915,0.8419257703081232,0.8622875816993464,0.8590476190476191,0.8596957039062302,0.8480649555176807,68,64
5,ConvNN,wt_avg,0.5379151296615601,0.7541033029556274,0.795877054299235,0.7050084762395253,0.7840985846999324,0.7166515958268536,0.7819947769827131,0.6987150393276824,,
