,model_name,note,loss,acc,prec0,prec1,rec0,rec1,f1sc0,f1sc1,sup0,sup1
0,ConvNN,0,0.6515453606843948,0.6225961595773697,0.7985347985347986,0.4527051895472948,0.5807050685887003,0.6972222222222222,0.6676406926406926,0.5455683082212559,82,40
1,ConvNN,1,0.4997349202632904,0.7629807710647583,0.7931995205404817,0.7305805305805306,0.8686090225563909,0.6000699300699301,0.823116883116883,0.6369218500797448,91,50
2,ConvNN,2,0.5954437136650086,0.6991379261016846,0.6952410437859354,0.7005827505827507,0.7842296918767507,0.5988156288156288,0.7354751845074425,0.6430144927536231,85,72
3,ConvNN,3,0.4904625713825226,0.8277777791023254,0.8579831932773109,0.7444444444444445,0.8105042016806723,0.8647222222222222,0.8316685970575914,0.7863277940697295,72,65
4,ConvNN,4,0.5138840198516845,0.83125,0.8275793650793652,0.8291666666666668,0.8385683760683762,0.8203947368421053,0.8328703703703704,0.8246621621621621,68,64
5,ConvNN,wt_avg,0.5502141171693802,0.7487485271692277,0.7909715711361935,0.7097414010599036,0.7756274185429316,0.7206849425067005,0.775580120644818,0.7005345474364574,,
