,model_name,loss,acc,prec0,prec1,rec0,rec1,f1sc0,f1sc1,sup0,sup1
0,ConvNN: 0,0.567995822429657,0.7537500023841858,0.7612332112332112,0.7454545454545455,0.9012987012987013,0.4591341991341992,0.8249572649572648,0.5556315789473685,89,49
1,ConvNN: 1,0.5013351380825043,0.7412500023841858,0.8215686274509804,0.5004074357015533,0.7570726057568162,0.5916258741258742,0.7852310884738728,0.5371794871794872,87,51
2,ConvNN: 2,0.633848226070404,0.6649999976158142,0.6531428571428571,0.6764935064935065,0.8628571428571428,0.4066760037348273,0.738607593725175,0.4976212023270847,74,64
3,ConvNN: 3,0.6278800189495086,0.7412500023841858,0.6988636363636364,0.8100000000000002,0.8345399698340875,0.662406015037594,0.7542176103466426,0.7211936880323977,69,69
4,ConvNN: 4,0.5410671651363372,0.7208333373069763,0.7307683982683983,0.703939393939394,0.7913165266106443,0.6306060606060606,0.7566600066600067,0.6601114369501466,79,58
