,model_name,note,loss,acc,prec0,prec1,rec0,rec1,f1sc0,f1sc1,sup0,sup1
0,ConvLSTM,0,0.7005066275596619,0.6340144276618958,0.8184258723732407,0.46942228308327383,0.6060378527841342,0.7313568376068376,0.6873819163292848,0.5573326673326673,82,40
1,ConvLSTM,1,0.6318816363811492,0.6514423131942749,0.7607471812075393,0.5113450292397661,0.6745395108324169,0.615982905982906,0.7069197469197469,0.5479259144929773,91,50
2,ConvLSTM,2,1.0331019639968873,0.7303879261016846,0.7625213675213676,0.6944051304732419,0.7311278195488722,0.7233333333333334,0.7373183590288853,0.6967297632620213,85,72
3,ConvLSTM,3,0.6166928172111511,0.78125,0.7933333333333333,0.7715336134453782,0.7990196078431373,0.7602380952380952,0.7945257528848859,0.7637303556658395,72,65
4,ConvLSTM,4,0.487190306186676,0.79375,0.8453408029878619,0.76820687695368,0.7373015873015873,0.8609126984126985,0.7762143710530808,0.8053959916028882,68,64
5,ConvLSTM,wt_avg,0.6938746702671051,0.718168933391571,0.7933578036858859,0.665485351128446,0.7057537280827058,0.7444924662965899,0.7370741358429016,0.6908658486380945,,
