,model_name,acc,prec,rec,f1sc
0,ConvNN,0.7406986254851026,0.7422244585357787,0.7384039569542995,0.7306786542054852
2,SVC,0.7139987890660774,0.7235257073051967,0.7003142862076707,0.702644502926256
5,RandomForestClassifier,0.7103200110567335,0.7177540818949961,0.6913346802742233,0.6942337949171864
1,ConvLSTM,0.7096942163109778,0.7182605815758736,0.6937881005889986,0.6986670075959576
4,FeatureMLP,0.6909765130877497,0.6733154674687545,0.6653801601993853,0.6670994847625666
3,LSTM_Feature,0.6885714813768864,0.6771566168422799,0.6743994684960102,0.6701522594498919
6,XGBClassifier,0.6796330217080558,0.6814244409774359,0.6732675404513979,0.671969669964982
7,ZeroR,0.5794556814432145,0.2927997289164656,0.5,0.3655872611763679
