,model_name,acc,prec,rec,f1sc
0,ConvNN,0.7365106029609838,0.7373621044666909,0.7333127024898212,0.7260902156666513
2,SVC,0.7318240527127551,0.7435436096240713,0.7196204389645824,0.7236358573960773
3,LSTM_Feature,0.7221065725833178,0.7151128633765211,0.7038600021749557,0.704193429763055
1,ConvLSTM,0.7154903682768345,0.7100807966592924,0.7078213990087305,0.6998188524057027
5,RandomForestClassifier,0.7044123908123352,0.7128285937881234,0.6872334179488508,0.6900012922455167
6,XGBClassifier,0.6991336813529778,0.7039620012586684,0.6944214198138459,0.695223291588653
4,FeatureMLP,0.6909765130877497,0.6733154674687545,0.6653801601993853,0.6670994847625666
7,ZeroR,0.5794556814432145,0.2927997289164656,0.5,0.3655872611763679
