,model_name,note,loss,acc,prec0,prec1,rec0,rec1,f1sc0,f1sc1,sup0,sup1,mcc
0,SVC,0,0.7976482510566711,0.5901639344262295,0.7580645161290323,0.4166666666666667,0.573170731707317,0.625,0.6527777777777778,0.5,82,40,0.1860822569368413
1,SVC,1,0.71553635597229,0.7446808510638298,0.7894736842105263,0.6521739130434783,0.8241758241758241,0.6,0.8064516129032258,0.625,91,50,0.43282355938706696
2,SVC,2,0.6696342825889587,0.7707006369426752,0.7752808988764045,0.7647058823529411,0.8117647058823529,0.7222222222222222,0.7931034482758621,0.7428571428571429,85,72,0.5369784749184418
3,SVC,3,0.6506271958351135,0.8175182481751825,0.8615384615384616,0.7777777777777778,0.7777777777777778,0.8615384615384616,0.8175182481751825,0.8175182481751825,72,65,0.6393162393162393
4,SVC,4,0.6628805994987488,0.7272727272727273,0.7162162162162162,0.7413793103448276,0.7794117647058824,0.671875,0.7464788732394366,0.7049180327868853,68,64,0.4544301978583929
5,SVC,wt_avg,0.6992653369903564,0.7300672795761288,0.780491818903781,0.6953196469617761,0.7537688442211056,0.7079037800687286,0.7636948364430011,0.6975572320118962,80.49748743718592,60.49828178694158,0.4499261456833965
