,model_name,note,loss,acc,prec0,prec1,rec0,rec1,f1sc0,f1sc1,sup0,sup1
0,SVC,0,0.7744121551513672,0.680327868852459,0.8028169014084507,0.5098039215686274,0.6951219512195121,0.65,0.7450980392156863,0.5714285714285714,82,40
1,SVC,1,0.711482584476471,0.7588652482269503,0.7938144329896907,0.6818181818181818,0.8461538461538461,0.6,0.8191489361702128,0.6382978723404256,91,50
2,SVC,2,0.6796021461486816,0.7261146496815286,0.723404255319149,0.7301587301587301,0.8,0.6388888888888888,0.7597765363128491,0.6814814814814815,85,72
3,SVC,3,0.65285325050354,0.7518248175182481,0.7435897435897436,0.7627118644067796,0.8055555555555556,0.6923076923076923,0.7733333333333333,0.7258064516129032,72,65
4,SVC,4,0.6912447810173035,0.6590909090909091,0.6455696202531646,0.6792452830188679,0.75,0.5625,0.6938775510204082,0.6153846153846154,68,64
5,SVC,wt_avg,0.7019189834594727,0.7152446986740191,0.7462177304908524,0.6876373327310343,0.7814070351758794,0.6288659793814433,0.7615207825707426,0.6542980683171302,,
