,model_name,note,loss,acc,prec0,prec1,rec0,rec1,f1sc0,f1sc1,sup0,sup1
0,SVC,0,0.7862932085990906,0.6229508196721312,0.75,0.44,0.6585365853658537,0.55,0.7012987012987013,0.4888888888888889,82,40
1,SVC,1,0.707124650478363,0.7375886524822695,0.7647058823529411,0.6666666666666666,0.8571428571428571,0.52,0.8082901554404145,0.5842696629213483,91,50
2,SVC,2,0.6661327481269836,0.7770700636942676,0.7604166666666666,0.8032786885245902,0.8588235294117647,0.6805555555555556,0.8066298342541437,0.7368421052631579,85,72
3,SVC,3,0.6440362930297852,0.8321167883211679,0.810126582278481,0.8620689655172413,0.8888888888888888,0.7692307692307693,0.847682119205298,0.8130081300813008,72,65
4,SVC,4,0.6615180969238281,0.6893939393939394,0.6483516483516484,0.7804878048780488,0.8676470588235294,0.5,0.7421383647798742,0.6095238095238096,68,64
5,SVC,wt_avg,0.6930209994316101,0.7318240527127551,0.7490971808360477,0.737990038412095,0.8241206030150754,0.6151202749140894,0.7817159672135335,0.6655557475786209,,
