,model_name,note,loss,acc,prec0,prec1,rec0,rec1,f1sc0,f1sc1,sup0,sup1,mcc
0,SVC,0,0.7864149808883667,0.6229508196721312,0.75,0.44,0.6585365853658537,0.55,0.7012987012987013,0.4888888888888889,82,40,0.1990526342943298
1,SVC,1,0.7064778208732605,0.7304964539007093,0.7676767676767676,0.6428571428571429,0.8351648351648352,0.54,0.8,0.5869565217391305,91,50,0.3924511267343104
2,SVC,2,0.6666619777679443,0.7579617834394905,0.7373737373737373,0.7931034482758621,0.8588235294117647,0.6388888888888888,0.7934782608695652,0.7076923076923077,85,72,0.5138337113531837
3,SVC,3,0.6439039707183838,0.8248175182481752,0.8,0.8596491228070176,0.8888888888888888,0.7538461538461538,0.8421052631578947,0.8032786885245902,72,65,0.6511371646108843
4,SVC,4,0.6629540324211121,0.7121212121212122,0.6595744680851063,0.8421052631578947,0.9117647058823529,0.5,0.7654320987654321,0.6274509803921569,68,64,0.45450413307517046
5,SVC,wt_avg,0.6932825565338134,0.7296695574763437,0.7449407471485949,0.744392560973473,0.8266331658291457,0.6048109965635738,0.7799826817684029,0.6605745886445176,80.49748743718592,60.49828178694158,0.44219575401357575
