,model_name,note,loss,acc,prec0,prec1,rec0,rec1,f1sc0,f1sc1,sup0,sup1
0,SVC,0,0.7907324433326721,0.6147540983606558,0.7868852459016393,0.4426229508196721,0.5853658536585366,0.675,0.6713286713286714,0.5346534653465347,82,40
1,SVC,1,0.7303723096847534,0.7092198581560284,0.7450980392156863,0.6153846153846154,0.8351648351648352,0.48,0.7875647668393783,0.5393258426966292,91,50
2,SVC,2,0.6861060261726379,0.6560509554140127,0.6504854368932039,0.6666666666666666,0.788235294117647,0.5,0.7127659574468085,0.5714285714285714,85,72
3,SVC,3,0.6667764782905579,0.8248175182481752,0.8157894736842105,0.8360655737704918,0.8611111111111112,0.7846153846153846,0.8378378378378378,0.8095238095238095,72,65
4,SVC,4,0.6733331084251404,0.7651515151515151,0.7176470588235294,0.851063829787234,0.8970588235294118,0.625,0.7973856209150327,0.7207207207207207,68,64
5,SVC,wt_avg,0.7094640731811523,0.7139987890660774,0.7415995376224808,0.7054518769879127,0.7889447236180904,0.6116838487972509,0.758414567238341,0.6468744386141709,,
