,model_name,note,loss,acc,prec0,prec1,rec0,rec1,f1sc0,f1sc1,sup0,sup1
0,LSTM_Feature,0,0.9022549092769623,0.5138221234083176,0.7882936507936508,0.37461572244180935,0.3872670807453416,0.7601010101010102,0.5174830430670253,0.5014837014837015,82,40
1,LSTM_Feature,1,0.5571075916290283,0.7471153974533081,0.7796113360323887,0.6873626373626374,0.8526408247232047,0.5613797313797314,0.8102693239868687,0.6016085966550363,91,50
2,LSTM_Feature,2,0.6611956238746644,0.6823275804519653,0.6616498599439775,0.7216450216450216,0.8310164835164835,0.5073306595365419,0.7332932720631554,0.5890986887508627,85,72
3,LSTM_Feature,3,0.5245184898376465,0.7520833373069763,0.7420671588473446,0.7825641025641026,0.846547619047619,0.6375,0.7851308112177676,0.6876882603245228,72,65
4,LSTM_Feature,4,0.48770469427108765,0.79375,0.7941176470588236,0.7958333333333334,0.8150474525474525,0.7912865497076023,0.7977139227885671,0.7840628189015286,68,64
5,LSTM_Feature,wt_avg,0.6265562617778778,0.6978196877241134,0.7518939308449087,0.6979766402895045,0.7446162615941861,0.6428889128554796,0.7268140987361084,0.6441052948898756,,
