,model_name,note,loss,acc,prec0,prec1,rec0,rec1,f1sc0,f1sc1,sup0,sup1
0,RandomForestClassifier,0,0.7712970972061157,0.6147540983606558,0.7536231884057971,0.4339622641509434,0.6341463414634146,0.575,0.6887417218543046,0.4946236559139785,82,40
1,RandomForestClassifier,1,0.7146044373512268,0.7092198581560284,0.7272727272727273,0.6451612903225806,0.8791208791208791,0.4,0.7960199004975125,0.49382716049382713,91,50
2,RandomForestClassifier,2,0.6987916231155396,0.6624203821656051,0.6481481481481481,0.6938775510204082,0.8235294117647058,0.4722222222222222,0.7253886010362695,0.5619834710743802,85,72
3,RandomForestClassifier,3,0.6577699780464172,0.7883211678832117,0.7471264367816092,0.86,0.9027777777777778,0.6615384615384615,0.8176100628930818,0.7478260869565218,72,65
4,RandomForestClassifier,4,0.6801493167877197,0.6818181818181818,0.6511627906976745,0.7391304347826086,0.8235294117647058,0.53125,0.7272727272727273,0.6181818181818182,68,64
5,RandomForestClassifier,wt_avg,0.7045224905014038,0.6913067376767364,0.7063911694457384,0.6968387855042032,0.8115577889447236,0.5292096219931272,0.7509927970056706,0.5948846948261723,,
