,model_name,note,loss,acc,prec0,prec1,rec0,rec1,f1sc0,f1sc1,sup0,sup1
0,RandomForestClassifier,0,0.771546483039856,0.6229508196721312,0.75,0.44,0.6585365853658537,0.55,0.7012987012987013,0.4888888888888889,82,40
1,RandomForestClassifier,1,0.7113028168678284,0.7304964539007093,0.7387387387387387,0.7,0.9010989010989011,0.42,0.8118811881188119,0.525,91,50
2,RandomForestClassifier,2,0.6990058422088623,0.6687898089171974,0.6571428571428571,0.6923076923076923,0.8117647058823529,0.5,0.7263157894736842,0.5806451612903226,85,72
3,RandomForestClassifier,3,0.6575438976287842,0.8248175182481752,0.7926829268292683,0.8727272727272727,0.9027777777777778,0.7384615384615385,0.8441558441558441,0.8,72,65
4,RandomForestClassifier,4,0.6793304085731506,0.7045454545454546,0.6746987951807228,0.7551020408163265,0.8235294117647058,0.578125,0.7417218543046358,0.6548672566371682,68,64
5,RandomForestClassifier,wt_avg,0.7037458896636963,0.7103200110567335,0.7224498916742829,0.7130582721157095,0.8190954773869347,0.563573883161512,0.7646754537751371,0.6237921360592356,,
