,model_name,note,loss,acc,prec0,prec1,rec0,rec1,f1sc0,f1sc1,sup0,sup1,mcc
0,RandomForestClassifier,0,0.7685357928276062,0.6639344262295082,0.7971014492753623,0.49056603773584906,0.6707317073170732,0.65,0.7284768211920529,0.5591397849462365,82,40,0.3037500358003564
1,RandomForestClassifier,1,0.7092938423156738,0.7375886524822695,0.7647058823529411,0.6666666666666666,0.8571428571428571,0.52,0.8082901554404145,0.5842696629213483,91,50,0.403347338692413
2,RandomForestClassifier,2,0.6877275109291077,0.6878980891719745,0.6836734693877551,0.6949152542372882,0.788235294117647,0.5694444444444444,0.73224043715847,0.6259541984732825,85,72,0.36798575473618733
3,RandomForestClassifier,3,0.6654554605484009,0.7518248175182481,0.7435897435897436,0.7627118644067796,0.8055555555555556,0.6923076923076923,0.7733333333333333,0.7258064516129032,72,65,0.5020646999695697
4,RandomForestClassifier,4,0.6799702644348145,0.6818181818181818,0.6710526315789473,0.6964285714285714,0.75,0.609375,0.7083333333333334,0.65,68,64,0.3634054998632066
5,RandomForestClassifier,wt_avg,0.7021965742111206,0.7046128334440364,0.734253365624338,0.6774487041433722,0.7763819095477387,0.6082474226804123,0.7522025309245294,0.6371999869032026,80.49748743718592,60.49828178694158,0.3881106658123466
