,model_name,note,loss,acc,prec0,prec1,rec0,rec1,f1sc0,f1sc1,sup0,sup1
0,RandomForestClassifier,0,0.7735416293144226,0.6229508196721312,0.7432432432432432,0.4375,0.6707317073170732,0.525,0.7051282051282052,0.4772727272727273,82,40
1,RandomForestClassifier,1,0.7209955453872681,0.7163120567375887,0.717948717948718,0.7083333333333334,0.9230769230769231,0.34,0.8076923076923077,0.4594594594594595,91,50
2,RandomForestClassifier,2,0.7009787559509277,0.6815286624203821,0.6666666666666666,0.7115384615384616,0.8235294117647058,0.5138888888888888,0.7368421052631579,0.5967741935483871,85,72
3,RandomForestClassifier,3,0.661107063293457,0.8102189781021898,0.7804878048780488,0.8545454545454545,0.8888888888888888,0.7230769230769231,0.8311688311688312,0.7833333333333333,72,65
4,RandomForestClassifier,4,0.6792570948600769,0.7196969696969697,0.6666666666666666,0.8461538461538461,0.9117647058823529,0.515625,0.7701863354037267,0.6407766990291263,68,64
5,RandomForestClassifier,wt_avg,0.7071760177612305,0.7101414973258523,0.7147598020866803,0.7348685106417066,0.8417085427135679,0.5326460481099656,0.7692686392449509,0.6081030907350401,,
