,model_name,note,loss,acc,prec0,prec1,rec0,rec1,f1sc0,f1sc1,sup0,sup1
0,RandomForestClassifier,0,0.7733242511749268,0.6311475409836066,0.7846153846153846,0.45614035087719296,0.6219512195121951,0.65,0.6938775510204082,0.5360824742268041,82,40
1,RandomForestClassifier,1,0.7045791745185852,0.75177304964539,0.7978723404255319,0.6595744680851063,0.8241758241758241,0.62,0.8108108108108109,0.6391752577319587,91,50
2,RandomForestClassifier,2,0.686970055103302,0.6624203821656051,0.6904761904761905,0.6301369863013698,0.6823529411764706,0.6388888888888888,0.6863905325443787,0.6344827586206897,85,72
3,RandomForestClassifier,3,0.6436481475830078,0.8029197080291971,0.7922077922077922,0.8166666666666667,0.8472222222222222,0.7538461538461538,0.8187919463087249,0.784,72,65
4,RandomForestClassifier,4,0.6490188241004944,0.7954545454545454,0.7971014492753623,0.7936507936507936,0.8088235294117647,0.78125,0.8029197080291971,0.7874015748031497,68,64
5,RandomForestClassifier,wt_avg,0.6915080904960632,0.7287430452556689,0.7710481917018766,0.6889044143643498,0.7537688442211056,0.6941580756013745,0.7602424585777463,0.6887921692912761,,
