,model_name,note,loss,acc,prec0,prec1,rec0,rec1,f1sc0,f1sc1,sup0,sup1,mcc
0,RandomForestClassifier,0,0.7657510638237,0.6557377049180327,0.7777777777777778,0.48,0.6829268292682927,0.6,0.7272727272727273,0.5333333333333333,82,40,0.2700597143642369
1,RandomForestClassifier,1,0.7073575258255005,0.7304964539007093,0.7523809523809524,0.6666666666666666,0.8681318681318682,0.48,0.8061224489795918,0.5581395348837209,91,50,0.38194741844298286
2,RandomForestClassifier,2,0.6864904165267944,0.6942675159235668,0.6697247706422018,0.75,0.8588235294117647,0.5,0.7525773195876289,0.6,85,72,0.3880813362986918
3,RandomForestClassifier,3,0.6620539426803589,0.7737226277372263,0.7733333333333333,0.7741935483870968,0.8055555555555556,0.7384615384615385,0.7891156462585034,0.7559055118110236,72,65,0.5457691664887175
4,RandomForestClassifier,4,0.6780923008918762,0.6818181818181818,0.6666666666666666,0.7037037037037037,0.7647058823529411,0.59375,0.7123287671232876,0.6440677966101694,68,64,0.36436443008133595
5,RandomForestClassifier,wt_avg,0.699949049949646,0.7072084968595435,0.7291064906592084,0.6937902096753665,0.7989949748743719,0.584192439862543,0.7593398526468611,0.628159818997549,80.49748743718592,60.49828178694158,0.39004441313519306
