,model_name,loss,acc,prec0,prec1,rec0,rec1,f1sc0,f1sc1,sup0,sup1
0,RandomForestClassifier: 0,0.6499936580657959,0.8043478260869565,0.8229166666666666,0.7619047619047619,0.8876404494382022,0.6530612244897959,0.8540540540540541,0.7032967032967034,89,49
1,RandomForestClassifier: 1,0.6675223708152771,0.7391304347826086,0.7428571428571429,0.7272727272727273,0.896551724137931,0.47058823529411764,0.8125,0.5714285714285714,87,51
2,RandomForestClassifier: 2,0.6772383451461792,0.6376811594202898,0.6224489795918368,0.675,0.8243243243243243,0.421875,0.7093023255813954,0.5192307692307693,74,64
3,RandomForestClassifier: 3,0.6317360997200012,0.7028985507246377,0.6521739130434783,0.8043478260869565,0.8695652173913043,0.5362318840579711,0.7453416149068323,0.6434782608695652,69,69
4,RandomForestClassifier: 4,0.6413600444793701,0.7591240875912408,0.75,0.7777777777777778,0.8734177215189873,0.603448275862069,0.8070175438596491,0.6796116504854369,79,58
