,model_name,note,loss,acc,prec0,prec1,rec0,rec1,f1sc0,f1sc1,sup0,sup1,mcc
0,RandomForestClassifier,0,0.763790488243103,0.6557377049180327,0.803030303030303,0.48214285714285715,0.6463414634146342,0.675,0.7162162162162162,0.5625,82,40,0.30271762521633777
1,RandomForestClassifier,1,0.7091819047927856,0.7375886524822695,0.7596153846153846,0.6756756756756757,0.8681318681318682,0.5,0.8102564102564103,0.5747126436781609,91,50,0.4003055223276961
2,RandomForestClassifier,2,0.6879178285598755,0.6878980891719745,0.6636363636363637,0.7446808510638298,0.8588235294117647,0.4861111111111111,0.7487179487179487,0.5882352941176471,85,72,0.3752902232564993
3,RandomForestClassifier,3,0.65960294008255,0.781021897810219,0.7692307692307693,0.7966101694915254,0.8333333333333334,0.7230769230769231,0.8,0.7580645161290323,72,65,0.561105784858695
4,RandomForestClassifier,4,0.6755039095878601,0.6893939393939394,0.6626506024096386,0.7346938775510204,0.8088235294117647,0.5625,0.7284768211920529,0.6371681415929203,68,64,0.3841137262468944
5,RandomForestClassifier,wt_avg,0.6991994142532348,0.710328056755287,0.7332347540352928,0.7061394794718496,0.8040201005025126,0.584192439862543,0.7619108355405736,0.6310705428546827,80.49748743718592,60.49828178694158,0.4047065763812244
