,model_name,note,loss,acc,prec0,prec1,rec0,rec1,f1sc0,f1sc1,sup0,sup1
0,RandomForestClassifier,0,0.7699540257453918,0.6311475409836066,0.7534246575342466,0.4489795918367347,0.6707317073170732,0.55,0.7096774193548387,0.4943820224719101,82,40
1,RandomForestClassifier,1,0.7145857214927673,0.7092198581560284,0.75,0.6097560975609756,0.8241758241758241,0.5,0.7853403141361257,0.5494505494505495,91,50
2,RandomForestClassifier,2,0.691417932510376,0.6815286624203821,0.6666666666666666,0.7115384615384616,0.8235294117647058,0.5138888888888888,0.7368421052631579,0.5967741935483871,85,72
3,RandomForestClassifier,3,0.6569947600364685,0.7956204379562044,0.7972972972972973,0.7936507936507936,0.8194444444444444,0.7692307692307693,0.8082191780821918,0.78125,72,65
4,RandomForestClassifier,4,0.6728542447090149,0.7045454545454546,0.6559139784946236,0.8205128205128205,0.8970588235294118,0.5,0.7577639751552795,0.6213592233009708,68,64
5,RandomForestClassifier,wt_avg,0.7011613368988037,0.7044123908123352,0.7253895591143585,0.7002676284618883,0.8040201005025126,0.570446735395189,0.7588211735008277,0.6211814109902056,,
