,model_name,loss,acc,prec,rec,f1sc
3,RandomForestClassifier,0.6275899648666382,0.7997655583972719,0.8043903095325287,0.787830907112884,0.7914557079839803
2,FeatureMLP,0.478844407076637,0.7608333359162012,0.7625609557862241,0.7655279174606822,0.7457288733208562
1,ConvNN,0.6181766907374064,0.6916666726271311,0.5503043603262558,0.6358318515330238,0.5987185772061882
4,LSTM,0.6638351996739704,0.5758333365122477,0.545873729351824,0.4838562199263578,0.5144176444860283
0,ZeroR,0.6931471824645996,0.5658333376049995,0.2859087102177554,0.5,0.359332017074249
