,model_name,loss,acc,prec,rec,f1sc
3,RandomForestClassifier,0.6294483661651611,0.7967604433077579,0.8028050611822802,0.7853183442988136,0.788848961687919
2,FeatureMLP,0.5471825341383616,0.7200000027815501,0.7316886407286145,0.712557911912459,0.702714946958688
1,ConvNN,0.6403987084825833,0.6829166695475578,0.6627571096108268,0.6623889557799325,0.6397083028536266
4,LSTM,0.6177652845780054,0.6537500053644181,0.5675412206348918,0.6210308205599285,0.572034596107231
0,ZeroR,0.6931471824645996,0.6068750048677126,0.3066739949748744,0.5,0.3746351351604545
