,model_name,loss,acc,prec,rec,f1sc
3,RandomForestClassifier,0.6457576394081116,0.7997442455242967,0.806482900053495,0.788292838764268,0.791962266508873
1,ConvNN,0.5344177832206091,0.7650000015894572,0.6780814270504081,0.6887497258811441,0.70242154173413
5,LSTM_Feature,0.5564658172428608,0.75546875,0.7439607895572485,0.7193775658249344,0.7261550199637976
2,FeatureMLP,0.6610983451207478,0.6975000043710073,0.6697426615587954,0.6816781054472784,0.6681778876294862
4,LSTM,0.6433193266391755,0.6681250045696895,0.5947541252460276,0.6370018072358213,0.6118078622807459
0,ZeroR,0.7224615355332692,0.5770833373069763,0.29339928810720267,0.5,0.36425100118589354
