,model_name,loss,acc,prec,rec,f1sc
3,RandomForestClassifier,0.6313570320606232,0.7953751065643648,0.7998584245631081,0.7854478578459307,0.7883890353102189
5,LSTM_Feature,0.49413077831268304,0.7697916666666667,0.7500404173140242,0.7153541375379779,0.7334505472414709
2,FeatureMLP,0.5191099484761555,0.74645833671093,0.7546172981561761,0.742871985748237,0.7224630773438552
1,ConvNN,0.6071279446283976,0.6564583371082943,0.5870141886160927,0.5993792143122991,0.6002985577993181
4,LSTM,0.6545752614736556,0.6281250044703485,0.5496474473617545,0.5762882084231561,0.5562162584882384
0,ZeroR,0.6931471824645996,0.5585416699449222,0.2829512144053601,0.5,0.3567418343178185
