,model_name,loss,acc,prec,rec,f1sc
5,LSTM_Feature,0.4512407114108403,0.815625,0.7847781565269957,0.8162405017570584,0.8015283506826394
3,RandomForestClassifier,0.6320937752723694,0.7925191815856777,0.798369773005726,0.7815495000777082,0.7841422617447116
1,ConvNN,0.5121832723418871,0.7579166690508525,0.7008036797990264,0.7409023388830671,0.7254458488483863
2,FeatureMLP,0.5437559982140859,0.7372916708389917,0.7211534192209061,0.7305125933329959,0.7180577849586778
4,LSTM,0.6344742625951767,0.6370833367109298,0.5169063038780541,0.601261286768665,0.5574145070288903
0,ZeroR,0.6931471824645996,0.5883333389957747,0.2977099036850921,0.5,0.3688421900978429
