,model_name,note,loss,acc,prec0,prec1,rec0,rec1,f1sc0,f1sc1,sup0,sup1
0,XGBClassifier,0,0.7965236306190491,0.5491803278688525,0.7076923076923077,0.3684210526315789,0.5609756097560976,0.525,0.6258503401360545,0.4329896907216495,82,40
1,XGBClassifier,1,0.7230809926986694,0.7163120567375887,0.7524752475247525,0.625,0.8351648351648352,0.5,0.7916666666666666,0.5555555555555556,91,50
2,XGBClassifier,2,0.6826832890510559,0.7070063694267515,0.7010309278350515,0.7166666666666667,0.8,0.5972222222222222,0.7472527472527473,0.6515151515151515,85,72
3,XGBClassifier,3,0.6650238633155823,0.7883211678832117,0.8208955223880597,0.7571428571428571,0.7638888888888888,0.8153846153846154,0.7913669064748201,0.7851851851851852,72,65
4,XGBClassifier,4,0.675541877746582,0.7348484848484849,0.7323943661971831,0.7377049180327869,0.7647058823529411,0.703125,0.7482014388489209,0.72,68,64
5,XGBClassifier,wt_avg,0.7085707306861877,0.6991336813529778,0.7412083922986177,0.6667156102187191,0.7462311557788944,0.6426116838487973,0.7405376713121113,0.6499089118651947,,
