,model_name,note,loss,acc,prec0,prec1,rec0,rec1,f1sc0,f1sc1,sup0,sup1
0,XGBClassifier,0,0.7696312069892883,0.6229508196721312,0.7647058823529411,0.4444444444444444,0.6341463414634146,0.6,0.6933333333333334,0.5106382978723404,82,40
1,XGBClassifier,1,0.6865649819374084,0.7588652482269503,0.8131868131868132,0.66,0.8131868131868132,0.66,0.8131868131868132,0.66,91,50
2,XGBClassifier,2,0.6848762035369873,0.643312101910828,0.6355140186915887,0.66,0.8,0.4583333333333333,0.7083333333333334,0.5409836065573771,85,72
3,XGBClassifier,3,0.6511868238449097,0.7518248175182481,0.7638888888888888,0.7384615384615385,0.7638888888888888,0.7384615384615385,0.7638888888888888,0.7384615384615385,72,65
4,XGBClassifier,4,0.6998160481452942,0.6212121212121212,0.6551724137931034,0.5945945945945946,0.5588235294117647,0.6875,0.6031746031746031,0.6376811594202898,68,64
5,XGBClassifier,wt_avg,0.6984150528907775,0.6796330217080558,0.7293374323609478,0.6335114495939239,0.7211055276381909,0.6254295532646048,0.7213003509611551,0.6226389889688088,,
