,model_name,note,loss,acc,prec0,prec1,rec0,rec1,f1sc0,f1sc1,sup0,sup1
0,XGBClassifier,0,0.7636511325836182,0.639344262295082,0.7794117647058824,0.46296296296296297,0.6463414634146342,0.625,0.7066666666666667,0.5319148936170213,82,40
1,XGBClassifier,1,0.7049310803413391,0.6879432624113475,0.7640449438202247,0.5576923076923077,0.7472527472527473,0.58,0.7555555555555555,0.5686274509803921,91,50
2,XGBClassifier,2,0.6848675012588501,0.643312101910828,0.6593406593406593,0.6212121212121212,0.7058823529411765,0.5694444444444444,0.6818181818181818,0.5942028985507246,85,72
3,XGBClassifier,3,0.6345264911651611,0.7299270072992701,0.7058823529411765,0.7692307692307693,0.8333333333333334,0.6153846153846154,0.7643312101910829,0.6837606837606838,72,65
4,XGBClassifier,4,0.6257328391075134,0.7878787878787878,0.7857142857142857,0.7903225806451613,0.8088235294117647,0.765625,0.7971014492753623,0.7777777777777778,68,64
5,XGBClassifier,wt_avg,0.6827418088912964,0.6976810843590631,0.7380299283362185,0.6588008652635634,0.7437185929648241,0.6323024054982818,0.7384208878423374,0.6416247395586765,,
