,model_name,note,loss,acc,prec0,prec1,rec0,rec1,f1sc0,f1sc1,sup0,sup1,mcc
0,XGBClassifier,0,0.7453960180282593,0.6557377049180327,0.7857142857142857,0.4807692307692308,0.6707317073170732,0.625,0.7236842105263158,0.5434782608695652,82,40,0.28072695862978275
1,XGBClassifier,1,0.702455997467041,0.7092198581560284,0.7604166666666666,0.6,0.8021978021978022,0.54,0.7807486631016043,0.5684210526315789,91,50,0.35118911032204747
2,XGBClassifier,2,0.6724240183830261,0.643312101910828,0.6330275229357798,0.6666666666666666,0.8117647058823529,0.4444444444444444,0.711340206185567,0.5333333333333333,85,72,0.2770999705447854
3,XGBClassifier,3,0.6474258303642273,0.7226277372262774,0.7073170731707317,0.7454545454545455,0.8055555555555556,0.6307692307692307,0.7532467532467533,0.6833333333333333,72,65,0.4444721360789692
4,XGBClassifier,4,0.6349517703056335,0.75,0.7160493827160493,0.803921568627451,0.8529411764705882,0.640625,0.7785234899328859,0.7130434782608696,68,64,0.5065965597301127
5,XGBClassifier,wt_avg,0.6805307269096375,0.6961794804422333,0.721236218185335,0.6774443129810018,0.7864321608040201,0.570446735395189,0.7488128509557276,0.6137856781502539,80.49748743718592,60.49828178694158,0.3720169470611395
