,model_name,note,loss,acc,prec0,prec1,rec0,rec1,f1sc0,f1sc1,sup0,sup1,mcc
0,XGBClassifier,0,0.7575324177742004,0.6065573770491803,0.765625,0.43103448275862066,0.5975609756097561,0.625,0.6712328767123288,0.5102040816326531,82,40,0.2092097663725779
1,XGBClassifier,1,0.6933714151382446,0.7304964539007093,0.7849462365591398,0.625,0.8021978021978022,0.6,0.7934782608695652,0.6122448979591837,91,50,0.40605353755797563
2,XGBClassifier,2,0.6680194139480591,0.6751592356687898,0.673469387755102,0.6779661016949152,0.7764705882352941,0.5555555555555556,0.7213114754098361,0.6106870229007634,85,72,0.3415929893211204
3,XGBClassifier,3,0.6433886289596558,0.7299270072992701,0.7333333333333333,0.7258064516129032,0.7638888888888888,0.6923076923076923,0.7482993197278912,0.7086614173228346,72,65,0.4576658171458806
4,XGBClassifier,4,0.6253975629806519,0.7954545454545454,0.759493670886076,0.8490566037735849,0.8823529411764706,0.703125,0.8163265306122449,0.7692307692307693,68,64,0.5969026402271261
5,XGBClassifier,wt_avg,0.6775418877601623,0.707518923874499,0.7434719223776849,0.6832370468341129,0.7613065326633166,0.6357388316151202,0.7486101712095937,0.6538956535012843,80.49748743718592,60.49828178694158,0.4022849501249361
