,model_name,note,loss,acc,prec0,prec1,rec0,rec1,f1sc0,f1sc1,sup0,sup1,mcc
0,XGBClassifier,0,0.7477388978004456,0.680327868852459,0.8028169014084507,0.5098039215686274,0.6951219512195121,0.65,0.7450980392156863,0.5714285714285714,82,40,0.32846964611315144
1,XGBClassifier,1,0.6996111273765564,0.7092198581560284,0.7551020408163265,0.6046511627906976,0.8131868131868132,0.52,0.783068783068783,0.5591397849462365,91,50,0.3462152848208339
2,XGBClassifier,2,0.6733120679855347,0.6560509554140127,0.6476190476190476,0.6730769230769231,0.8,0.4861111111111111,0.7157894736842105,0.5645161290322581,85,72,0.30291035060671084
3,XGBClassifier,3,0.6420726180076599,0.7664233576642335,0.7380952380952381,0.8113207547169812,0.8611111111111112,0.6615384615384615,0.7948717948717948,0.7288135593220338,72,65,0.5358656863899265
4,XGBClassifier,4,0.6348278522491455,0.7575757575757576,0.7195121951219512,0.82,0.8676470588235294,0.640625,0.7866666666666666,0.7192982456140351,68,64,0.5236592156880616
5,XGBClassifier,wt_avg,0.6795125126838684,0.7139195595324983,0.7328205454486117,0.7020690808261931,0.8040201005025126,0.5876288659793815,0.7636269002567989,0.6352826889003702,80.49748743718592,60.49828178694158,0.40742403672373684
