,model_name,note,loss,acc,prec0,prec1,rec0,rec1,f1sc0,f1sc1,sup0,sup1
0,XGBClassifier,0,0.7604857087135315,0.6639344262295082,0.8253968253968254,0.4915254237288136,0.6341463414634146,0.725,0.7172413793103448,0.5858585858585859,82,40
1,XGBClassifier,1,0.701327383518219,0.6737588652482269,0.7184466019417476,0.5526315789473685,0.8131868131868132,0.42,0.7628865979381443,0.4772727272727273,91,50
2,XGBClassifier,2,0.6734782457351685,0.6687898089171974,0.6601941747572816,0.6851851851851852,0.8,0.5138888888888888,0.723404255319149,0.5873015873015873,85,72
3,XGBClassifier,3,0.6349775791168213,0.7737226277372263,0.7662337662337663,0.7833333333333333,0.8194444444444444,0.7230769230769231,0.7919463087248322,0.752,72,65
4,XGBClassifier,4,0.6749797463417053,0.6515151515151515,0.6571428571428571,0.6451612903225806,0.6764705882352942,0.625,0.6666666666666666,0.6349206349206349,68,64
5,XGBClassifier,wt_avg,0.6890497326850891,0.6863441759294621,0.7262116350958621,0.6489103727737667,0.7512562814070352,0.5979381443298969,0.7338675949232872,0.6154591571086415,,
