,model_name,note,loss,acc,prec0,prec1,rec0,rec1,f1sc0,f1sc1,sup0,sup1
0,ZeroR,0,0.6931471973657608,0.6766826957464218,0.6766826923076923,,1.0,0.0,0.8012731329413324,0.0,82,40
1,ZeroR,1,0.6931471943855285,0.6692307710647583,0.6692307692307693,,1.0,0.0,0.7981606192549588,0.0,91,50
2,ZeroR,2,0.6931471824645996,0.5409482717514038,0.540948275862069,,1.0,0.0,0.7002223058543459,0.0,85,72
3,ZeroR,3,0.6931471824645996,0.49791666865348816,0.4979166666666667,,1.0,0.0,0.6587587382779199,0.0,72,65
4,ZeroR,4,0.6931471824645996,0.5125,0.5125,,1.0,0.0,0.6723664924907161,0.0,68,64
5,ZeroR,wt_avg,0.6931471878290176,0.5794556814432145,0.5855994578329312,0.0,1.0,0.0,0.7311745223527358,0.0,,
