,model_name,note,loss,acc,prec0,prec1,rec0,rec1,f1sc0,f1sc1,sup0,sup1,mcc
0,ZeroR,0,0.6931471973657608,0.6694711595773697,0.6694711538461539,,1.0,0.0,0.8015873015873015,0.0,82,40,0.0
1,ZeroR,1,0.6931471943855285,0.6052884638309479,0.6052884615384615,,1.0,0.0,0.7403835294716771,0.0,91,50,0.0
2,ZeroR,2,0.6931471824645996,0.539008617401123,0.5390086206896552,,1.0,0.0,0.6945689434460433,0.0,85,72,0.0
3,ZeroR,3,0.6931471824645996,0.5298611164093018,0.5298611111111111,,1.0,0.0,0.6920677377333913,0.0,72,65,0.0
4,ZeroR,4,0.6931471824645996,0.46875,0.46875,,1.0,0.0,0.6292105948762484,0.0,68,64,0.0
5,ZeroR,wt_avg,0.6931471878290176,0.5624758714437486,0.5673834607387068,0.0,1.0,0.0,0.7154739137522214,0.0,80.49748743718592,60.49828178694158,0.0
