,model_name,loss,acc,prec0,prec1,rec0,rec1,f1sc0,f1sc1,sup0,sup1
0,ZeroR: 0,0.6931471824645996,0.6800000071525574,0.6799999999999999,,1.0,0.0,0.8024848846502982,0.0,89,49
1,ZeroR: 1,0.6931471824645996,0.6537500023841858,0.6537499999999999,,1.0,0.0,0.7858280132565847,0.0,87,51
2,ZeroR: 2,0.6931471824645996,0.5037500023841858,0.5037499999999999,,1.0,0.0,0.6571552436781547,0.0,74,64
3,ZeroR: 3,0.6931471824645996,0.4587500005960464,0.45875000000000005,,1.0,0.0,0.6123792398078112,0.0,69,69
4,ZeroR: 4,0.6931471824645996,0.5416666686534881,0.5416666666666667,,1.0,0.0,0.6929795918367347,0.0,79,58
