,model_name,note,loss,acc,prec0,prec1,rec0,rec1,f1sc0,f1sc1,sup0,sup1
0,ZeroR,0,0.6931471973657608,0.6730769276618958,0.6730769230769231,,1.0,0.0,0.8032188861822602,0.0,82,40
1,ZeroR,1,0.6931471943855285,0.6418269276618958,0.6418269230769231,,1.0,0.0,0.7813446552625243,0.0,91,50
2,ZeroR,2,0.6931471824645996,0.5409482717514038,0.540948275862069,,1.0,0.0,0.6989780154486036,0.0,85,72
3,ZeroR,3,0.6931471824645996,0.5458333373069764,0.5458333333333333,,1.0,0.0,0.700712788259958,0.0,72,65
4,ZeroR,4,0.6931471824645996,0.55625,0.55625,,1.0,0.0,0.7088272763314392,0.0,68,64
5,ZeroR,wt_avg,0.6931471878290176,0.5915870928764343,0.5947340732175466,0.0,1.0,0.0,0.7412839677241739,0.0,,
